{
  "project_info": {
    "project_number": "832635683085",
    "firebase_url": "https://gogrocer-b5d2c.firebaseio.com",
    "project_id": "gogrocer-b5d2c",
    "storage_bucket": "gogrocer-b5d2c.appspot.com"
  },
  "client": [
    {
      "client_info": {
        "mobilesdk_app_id": "1:832635683085:android:cb712af5f302b806",
        "android_client_info": {
          "package_name": "com.gogrocer.tcc"
        }
      },
      "oauth_client": [
        {
          "client_id": "832635683085-o8ep1kdrritjkpdt3fqtdvnltssprpqe.apps.googleusercontent.com",
          "client_type": 3
        }
      ],
      "api_key": [
        {
          "current_key": "AIzaSyBOgel24k5UrP3iFKbMX6EQoUZ2muXpUFY"
        }
      ],
      "services": {
        "analytics_service": {
          "status": 1
        },
        "appinvite_service": {
          "status": 1,
          "other_platform_oauth_client": []
        },
        "ads_service": {
          "status": 2
        }
      }
    }
  ],
  "configuration_version": "1"
}